id,domain,priority,title,steps,expected,automation
TB-001,home,P0,Home page opens and names the product,Open GET / in a browser.,"The page title and the first heading are both ""Acme Tasks"", and the today counter (data-testid=""today-counter"") is on the page.",ui
TB-002,home,P0,Today counter reaches the number of open tasks,Open GET / and read the today counter repeatedly from the moment the page loads until it stops changing.,"The counter starts at 0, shows the numbers in between, and comes to rest on the number of open tasks.",ui
TB-003,home,P1,Today counter counts up without flicker,"Not automated: whether the count-up reads as a smooth climb rather than a flicker or a visible jump is a human-eye judgement, and an assertion on it would only re-measure the numbers TB-002 already checks. Open GET / and watch the counter for its first second.","The counter climbs from 0 to the number of open tasks over about 600 ms, with no flicker and no skipped step.",manual
TB-004,tasks,P0,Task list shows every task,Open GET /tasks.,"All five seeded tasks are listed, and the two that have no due date are shown as having none.",ui
TB-005,tasks,P0,Task list filters to the open tasks,Open GET /tasks?status=open.,"Every task listed has status open, and the done task is not listed.",ui
TB-006,tasks,P1,Task list filters to the done tasks,Open GET /tasks?status=done.,"Every task listed has status done, and the open tasks are not listed.",ui
TB-007,tasks,P0,Task list sorts by due date with undated tasks last,Open GET /tasks?sort=due.,"The tasks that have a due date come first in ascending date order, and every task with no due date comes after all of them.",ui
TB-008,tasks,P0,Task detail page shows one task,Open GET /tasks/1.,"The page shows that task's title, its status and its due date.",ui
TB-009,tasks,P1,Unknown task id gives a 404 page,"Open GET /tasks/999, an id no task has.","The response status is 404 and the body is an HTML page, not a JSON error.",ui
TB-010,notifications,P1,Notification settings page offers a test email,Open GET /settings/notifications.,"The page shows a ""Send a test email"" button.",ui
TB-011,notifications,P0,Test email reaches the recipient,"Open GET /settings/notifications and press ""Send a test email"".","The test email is sent and the page reports that it was sent. This is the product's specified behaviour. This demo has no mail transport, so the case is red here; it is declared in known-reds.yml with that reason and is not rewritten to expect the failure.",ui
TB-012,api,P0,Task API returns every task,GET /api/tasks.,200 with the five seeded tasks as JSON; the two without a due date have due null.,api
TB-013,api,P0,Task API filters by status,"GET /api/tasks?status=open, then GET /api/tasks?status=done.",Each response contains only the tasks with the status asked for.,api
TB-014,api,P1,Task API sorts by due date with undated tasks last,GET /api/tasks?sort=due.,"The tasks with a due date come first in ascending order, and every task whose due is null comes after all of them.",api
TB-015,api,P0,Task API returns one task,GET /api/tasks/1.,"200 with that task's id, title, status and due.",api
TB-016,api,P1,Task API rejects an unknown id,"GET /api/tasks/999, an id no task has.","404 with the JSON body {""error"":""not found""}.",api
TB-017,api,P0,Task API creates a task,POST /api/tasks with a title.,"The task is created, comes back with an id and status open, and appears in GET /api/tasks.",api
TB-018,api,P0,Task API requires a title,"POST /api/tasks with no title at all, then POST /api/tasks with a title of only spaces.","Both are 400 with the JSON body {""error"":""title is required""}.",api
TB-019,api,P0,Task API changes a task's status,"PATCH /api/tasks/:id with status done, then PATCH the same task with status open.",Each call succeeds and the task's status afterwards is the one that was sent.,api
TB-020,api,P1,Task API rejects a status that is neither open nor done,PATCH /api/tasks/:id with status archived.,"400, and the task's status is left as it was.",api
TB-021,api,P0,Test email endpoint reports that there is no mail transport,POST /api/notifications/test.,"503 with the JSON body {""error"":""mail transport unavailable""}. The contract specifies this for this demo, so unlike TB-011 this case is green.",api
TB-022,api,P1,Version endpoint reports the version under test,GET /version on a freshly started app.,200 with a JSON body whose version is the seeded semver 1.4.0 and whose build is 12 hexadecimal characters.,api
TB-023,api,P1,Simulated redeployment changes the version under test,"Out of the regression scope: POST /__admin/deploy is not part of the product surface but the test hook the quality gate uses to create a redeployment in the middle of a run, and the gate's own self-tests exercise it. Automating it in this suite would also move the version under a running unit and make the gate report INCONCLUSIVE on a healthy run.",POST /__admin/deploy with a semver body makes GET /version report that version and a new build id.,n/a
